{
  "answer_feedback": {
    "precision": 0.7796610169491526,
    "recall": 0.6388888888888888,
    "f1-score": 0.7022900763358778,
    "support": 72.0
  },
  "difficulty": {
    "precision": 0.9158878504672897,
    "recall": 0.8521739130434782,
    "f1-score": 0.8828828828828829,
    "support": 115.0
  },
  "goodbye": {
    "precision": 0.5496688741721855,
    "recall": 0.9021739130434783,
    "f1-score": 0.6831275720164609,
    "support": 92.0
  },
  "greeting": {
    "precision": 0.768361581920904,
    "recall": 0.85,
    "f1-score": 0.8071216617210683,
    "support": 160.0
  },
  "help": {
    "precision": 0.8888888888888888,
    "recall": 0.7659574468085106,
    "f1-score": 0.8228571428571428,
    "support": 94.0
  },
  "repeat_quiz": {
    "precision": 0.8813559322033898,
    "recall": 0.7761194029850746,
    "f1-score": 0.8253968253968254,
    "support": 67.0
  },
  "start_quiz": {
    "precision": 0.89171974522293,
    "recall": 0.9032258064516129,
    "f1-score": 0.8974358974358975,
    "support": 155.0
  },
  "statistics": {
    "precision": 0.9634146341463414,
    "recall": 0.7821782178217822,
    "f1-score": 0.8633879781420765,
    "support": 101.0
  },
  "unknown": {
    "precision": 0.972972972972973,
    "recall": 0.6666666666666666,
    "f1-score": 0.7912087912087912,
    "support": 54.0
  },
  "accuracy": 0.8153846153846154,
  "macro avg": {
    "precision": 0.8457701663271172,
    "recall": 0.7930426950788325,
    "f1-score": 0.8084120919996692,
    "support": 910.0
  },
  "weighted avg": {
    "precision": 0.8413609534805725,
    "recall": 0.8153846153846154,
    "f1-score": 0.8195206625043377,
    "support": 910.0
  }
}